[
  {
    "id": 150,
    "name": "安妮",
    "resourceUrl": "filter/anni"
  },
  {
    "id": 151,
    "name": "贝蒂",
    "resourceUrl": "filter/beidi"
  },
  {
    "id": 152,
    "name": "瑞秋",
    "resourceUrl": "filter/ruiqiu"
  },
  {
    "id": 153,
    "name": "韩智恩",
    "resourceUrl": "filter/hanzhien"
  },
  {
    "id": 154,
    "name": "车恩尚",
    "resourceUrl": "filter/cheenshang"
  },
  {
    "id": 155,
    "name": "千颂伊",
    "resourceUrl": "filter/qiansongyi"
  },
  {
    "id": 156,
    "name": "罗马假日",
    "resourceUrl": "filter/luoma"
  },
  {
    "id": 157,
    "name": "美丽心灵",
    "resourceUrl": "filter/meili"
  },
  {
    "id": 158,
    "name": "广岛之恋",
    "resourceUrl": "filter/guangdao"
  },
  {
    "id": 159,
    "name": "西北偏北",
    "resourceUrl": "filter/xibei"
  },
  {
    "id": 160,
    "name": "里约大冒险",
    "resourceUrl": "filter/liyue"
  },
  {
    "id": 161,
    "name": "卡萨布兰卡",
    "resourceUrl": "filter/kasa"
  },
  {
    "id": 162,
    "name": "鱼眼",
    "resourceUrl": "filter/yuyan"
  },
  {
    "id": 163,
    "name": "移轴",
    "resourceUrl": "filter/yizhou"
  },
  {
    "id": 164,
    "name": "彩绘",
    "resourceUrl": "filter/caihui"
  }
]
