{
  "filter": [
    {
      "id": 10, 
      "name": "安妮", 
      "resourceUrl": "filter/anni"
    }, 
    {
      "id": 11, 
      "name": "贝蒂", 
      "resourceUrl": "filter/beidi"
    }, 
    {
      "id": 12, 
      "name": "瑞秋", 
      "resourceUrl": "filter/ruiqiu"
    }, 
    {
      "id": 13, 
      "name": "韩智恩", 
      "resourceUrl": "filter/hanzhien"
    }, 
    {
      "id": 14, 
      "name": "车恩尚", 
      "resourceUrl": "filter/cheenshang"
    }, 
    {
      "id": 15, 
      "name": "千颂伊", 
      "resourceUrl": "filter/qiansongyi"
    }, 
    {
      "id": 16, 
      "name": "罗马假日", 
      "resourceUrl": "filter/luoma"
    }, 
    {
      "id": 17, 
      "name": "美丽心灵", 
      "resourceUrl": "filter/meili"
    }, 
    {
      "id": 18, 
      "name": "广岛之恋", 
      "resourceUrl": "filter/guangdao"
    }, 
    {
      "id": 19, 
      "name": "西北偏北", 
      "resourceUrl": "filter/xibei"
    }, 
    {
      "id": 20, 
      "name": "里约大冒险", 
      "resourceUrl": "filter/liyue"
    }, 
    {
      "id": 21, 
      "name": "卡萨布兰卡", 
      "resourceUrl": "filter/kasa"
    }, 
    {
      "id": 22, 
      "name": "鱼眼", 
      "resourceUrl": "filter/yuyan"
    }, 
    {
      "id": 23, 
      "name": "移轴", 
      "resourceUrl": "filter/yizhou"
    }, 
    {
      "id": 24, 
      "name": "彩绘", 
      "resourceUrl": "filter/caihui"
    }
  ],
}